TITLE,SURNAME,FORENAMES,HOME ADDRESS1,HOME ADDRESS2,HOME CITY,HOME POSTCODE,TERM ADDRESS1,TERM ADDRESS2,TERM CITY,TERM POSTCODE
"","","","","","","","","","","""Miss","Chapman","Angela","47 Albion Terrace, London Rd. Reading. BERKS","","","RG1 5BG","47 Albion Terrace, London Rd. Reading. BERKS.","","","RG1 5BG""Miss","Crossley","Tania","6 Ewesley Road, High Barnes, Sunderland","","","SR4 7RJ","No longer applicable","","","""Miss","Erhuero","Enorr","30 Ufford Street,London","","","SE1 8QD","10 Pilgrim house,London","","","SE1 4UP""Miss","Gravestock","Lisa","Elveden, Hoop End, Tetney, N.E.Lincolnshire","","","DN36 5LB","4 Denison Court, Hartley Road, Radford, Nottingham","","","NG7 3PH""Miss","Hunter","Samantha Louise Ashley","9 Jessel Mansion","","","W14 9SH","As above","","","As above""Miss","Pattowala","Surinder","186 Regina Road, Southall, Middlesex","","","UB2 5PR","as above","","","""Miss","Payne","Neresse","227 Woodlands Road","","","ME20 7QG","124 Avon Road ","","","BH8 8SF""Miss","Perkins","Rachel","14 Orford Court","London","","SE27 9DB","","","","""Miss","Sehmi","Harpreet","46 Goldsmith Road","","","E10 5HA","N/A","","","""Miss","Smith-Cox","Emma","77 Marlborough Road Norwich","","","NR3 4PL","","","","""Miss","Smith-Cox","Emma","77 Marlborough Road Norwich","","","NR3 4PL","Not applicable","","","Not applicable""Miss","Webber","Karen Ruth","3, Sandpiper Crescent, Malvern, Worcestershire.","","","WR14 1UY","","","","""Miss","Webber","Karen Ruth","3, Sandpiper Crescent, Malvern, Worcestershire.","","","WR14 1UY","N/A","","","""Mr","111","111","dfgd","fgdgf","dfg","dgfdfg","dfgdgf","dfg","dfgdfg","dfgdgf""Mr","a","a","a","a","a","a","a","a","a","a""Mr","Anderson","Mark","21 Rofant Road, Northwood, Middlesex","","","HA6 3BD","N/A","","","""Mr","Andrews","John Robert","Longchamp, Smalfield Rd, Horley, Surrey","","","RH6 9AP","","","","""Mr","Bouweraerts","Peter Alexander","Irestone House, Wearhead, County Durham","","","DL13 1HT","47 Fairholme Road, Withington, Manchester","","","M20 4SA""Mr","Cook","Jonathan Anthony","6 Cromwell Place","","","GU6 7LF","6 Cromwell Place","","","GU6 7LF""Mr","Danskin","Stuart Adam","49 Dorset Way, Billericay, Essex","","","CM12 OUD","Same as above","","","CM12 OUD""Mr","Downie","Thomas George","87 Jockey Road","Sutton Coldfield","West Midlands","B73 5PH","394 Derby Road","Lenton","Nottingham","NG7 2DX""Mr","Golds","Philip Martin","27 Upper Kingston Lane","Shoreham by Sea","","BN43 6TG","n/a","","","""Mr","Hinchliffe","Craig Russell","3 Atholl Close, Macclesfield, Cheshire","","","SK10 3QB","20/2 Friars Street, Stirling","","","FK8 1HA""Mr","hodges","bryn james","21, hartscroft, linton glade, croydon","","","cr0 9la","","","","""Mr","Hodgson","James Timothy","40 Howsman Rd","","","SW13 9AP","26 Warrilowheath Rd","","","ST5 7TE""Mr","Huxtable","Gareth John","464 Birchgrove Road. Birchgrove. Swansea.","","","SA7 9NR","same as home address - since 6/6/01","","","""Mr","Keeling","Nicholas Robert","15 Marsh Rd, Thornton-Cleveleys, Lancashire","","","FY5 2SE","Finished university","","","-""Mr","Mansfield","Mark","30 Oldham Street","","","WA4 1ER","N/A","","","N/A""Mr","Meddings","Steven","19 Elmwood Road","Sutton Coldfield","Birmingham","B74 2DF","","","","""Mr","Partington","Andrew","28 Church Lane","","","SK11 9QY","","","","""Mr","Patel","Yunus","12 Cellini Square","Bolton","","BL1 3XD","n/a","n/a","n/a","n/a""Mr","Pickering","Iain","49 Edgmond Court, Ryhope, Sunderland","","","SR2 ODY","N/A","","","""Mr","Saka","Olukemi","16 Caspar House, 100 Charlotte Street","","","B3 1PW","16 Caspar House, 100 Charlotte Street","","","B3 1PW""Mr","Shah","Riki","45 Gloucester Road","","","KT1 3RD","45 Gloucester Road","","","KT1 3RD""Mr","Singh","Abhaey","33 Lime Tree Road, Osterley, London, Middx","","","TW5 0TD","n/a","","","""Mr","ssss","ssss","xcvxvc","xcvx","cvxvc","xvcxcv","xcv","xcvxcv","xvc","xcvxcvxvc""Mr","wwww","wwww","www","ww","www","www","www","wwww","wwww","wwww""Mr","xcvvcx","vcxvcxvcx","xc","vcxc","vcxvc","vx","xvc","vcxvc","xvc","vcxvcx""Mrs","Johal","Sarbjit Kaur","44 Ring Road, Stoneygate, Leicester, Leicestershire","","","LE2 3RR","44 Ring Road, Stoneygate, Leicester, Leicestershire","","","LE2 3RR""Ms","Kovacs","Monika","Unit 13, La Gare, 51 Surrey Row, London","","","SE1 0BZ","","","","""Ms","Kovacs","Monika","Unit 13, La Gare, 51 Surrey Row, London","","","SE1 0BZ","same as home address","","","same as home address""Ms","Sapra","Mrinalini","88 Alderbrook Road","","","B91 1NR","88 Alderbrook Road","","","B91 1NR""Ms","test","test","a","a","a","a","","","",""
